name,pays
Acne,瑞典
AlexanderMcqueen官网,美国
Allsole,英国
Antonioli,意大利
Atterley,英国
Bally官网,美国
Baltini,美国
Baseblu,意大利
BEAUTY,英国
BeautyExpert,英国
BIFFI,意大利
Bogner官网,德国
Boutique1,迪拜
BrownsFashion,英国
Budapester,德国
Burberry官网,英国
CETTIRE,澳大利亚
Church's官网,英国
Coggles,英国
Coltorti,意大利
COS,英国
d'aniello,意大利
duomo,意大利
EastDane,美国
Eleonorabonucci,意大利
EndClothing,英国
Everlane,美国
FARFETCH,英国
Forward,美国
GANNI,丹麦
GIGLIO.COM,意大利
G&B,意大利
Harrods,英国
HARVEY,英国
HBX,香港
HQhair,英国
iKRIX,意大利
Italist,意大利
ITeSHOP,香港
JOMASHOP,美国
KENZO官网,法国
Leam,意大利
LN-CC,英国
LookFantastic,英国
LUISAVIAROMA,意大利
lululemon官网,英国
Mankind,英国
MATCHESFASHION,英国
MCM官网,英国
Modes,意大利
MonnierFreres,法国
MrPorter,英国
MyBag,英国
Mytheresa,德国
NUGNES1920,意大利
NET-A-PORTER亚太站,英国
NET-A-PORTER英国站,英国
OXYGEN,英国
ParlourX,澳大利亚
Revolve,美国
Savannahs,瑞典
Selfridges,英国
Shopbop,美国
SkinStore,美国
SSENSE,加拿大
StellaMcCartney官网,英国
Suit,意大利
Tatcha官网,美国
Tessabit,意大利
THE,英国
TheDoubleF,意大利
TheHut,英国
THOM,美国
Unineed,英国
Unineed保税仓,英国
Wconcept美国官网,韩国
YOOX,意大利
24S,法国
