name,remise
Accorhotels,最高5%返利
Amazon.fr,暂无返利
Melijoe,5%返利
La Redoute,2%返利
The Beautyst,暂无返利
Repetto,最高11%返利
Hamilton,8%返利
Chloe US,6%返利
Coach (ES/IT/FR),12%返利
Printemps.com,最高4%返利
Ray-Ban EU,6%返利
Lancome FR,4%返利
Converse 法国官网,5%返利
Sisley,3%返利
United Colors of Bennetton,7%返利
Levi's FR,6%返利
Il duomo,最高10%返利
Paris pass,最高2%返利
Diptyque,最高6%返利
Zadig &amp; Voltaire (FR),6%返利
LookFantastic FR,最高5%返利
Giuseppe Zanotti EU &amp; Asia,2%返利
Collector Square,5%返利
24S,最高10%返利
Sandro,5%返利
MandMDirect.FR,暂无返利
monnierfreres,暂无返利
Chloe UK,6%返利
********,pays-bas
name,remise
Hema NL,暂无返利
荷兰DOD在线药房,最高10%返利
Beautinow,4%返利
Converse 荷兰官网,5%返利
Forever 21 UK,暂无返利
********,suisse
name,remise
Swiss International Air Lines,返利5$
*********,nl
name,remise
Healthpost (Global),3.5%返利
PharmacyDirect药房中文网,最高10%返利
Medion,2%返利
*********,Italie
name,remise
LUISAVIAROMA,最高15.6%返利
Amazon.it,暂无返利
Nencini,3%返利
Gebnegozi,10%返利
Retrosuperfuture IT,7%返利
Nugnes INT,10%返利
Dsquared2,8%返利
D'ANIELLO BOUTIQUE,7%返利
Tessabit ITALY,8%返利
Rome &amp; Vatican Pass,2%返利
Furla US,2%返利
Raffaello Network,5%返利
Spread Shirt it,暂无返利
Newbabyland,暂无返利
Getlenses,暂无返利
Denstore,暂无返利
Bata,暂无返利
ModaDiAndre,8%返利
Suitnegozi INT,8%返利
Kappa,6%返利
*********,espagne
name,remise
Amazon.es,暂无返利
Perfume's Club中文官网,最高10%返利
GOTTA中文网,4%返利
Vueling World Wide,3%返利
Barcelona Pass,2%返利
